townshend_act_title;The Townshend Act;;;;;;x;;,,,,,,,,,,,,,,,,,,,,,,,,,,,,,,,,,,,,,,,,,,,,,,,,,,,,,,,,,,,,,,,,,,,,,,,,,,,,,,,,
townshend_act_desc;Charles Townshend, after whom this act is named, has devised a cunning plan to address both economic and political difficulties we have encountered in our dealings with our American colonies recently through the use of new colonial authorities and taxes.;;;;;;x;;,,,,,,,,,,,,,,,,,,,,,,,,,,,,,,,,,,,,,,,,,,,,,,,,,,,,,,,,,,,,,,,,,,,,,,,,,,,,,,
townshend_act_mod_thc;Townshend Act;;;;;;x;;,,,,,,,,,,,,,,,,,,,,,,,,,,,,,,,,,,,,,,,,,,,,,,,,,,,,,,,,,,,,,,,,,,,,,,,,,,,,,,,,
townshend_act_mod_thc_desc;Townshend Act;;;;;;x;;,,,,,,,,,,,,,,,,,,,,,,,,,,,,,,,,,,,,,,,,,,,,,,,,,,,,,,,,,,,,,,,,,,,,,,,,,,,,,,,,
trade_restrictions;Trade Restrictions;Restrictions commerciales;Handelsbeschränkungen;;Restricciones comerciales;;;;;;;;;x;;;;,,,,,,,,,,,,,,,,,,,,,,,,,,,,,,,,,,,,,,,,,,,,,,,,,,,,,,,,,,,,,,,,,,,,,,,,,,,,,,,,
desc_trade_restrictions;Our country has a policy of regulating and banning certain imports and exports.;Notre pays régule et interdit certaines importations et exportations.;Es ist die Politik unseres Landes, gewisse Im- und Exporte zu regulieren und zu unterbinden.;;Nuestro país tiene la política de regular y prohibir ciertas importaciones y exportaciones.;;;;;;;;;x;;;;,,,,,,,,,,,,,,,,,,,,,,,,,,,,,,,,,,,,,,,,,,,,,,,,,,,,,,,,,,,,,,,,,,,,,,,,,,,,,,,
trade_union;Trade Unions;Trade Unions;Trade Unions;;Trade Unions;;;;;;;;;x;;;;,,,,,,,,,,,,,,,,,,,,,,,,,,,,,,,,,,,,,,,,,,,,,,,,,,,,,,,,,,,,,,,,,,,,,,,,,,,,,,,,
desc_trade_union;Workers have joined forces and created a trade union in your province.;Les salariés de votre province ont uni leurs forces pour créer un syndicat.;Die Arbeiter haben sich zusammengeschlossen und eine Gewerkschaft in Ihrer Provinz gegründet.;;Los trabajadores han unido sus fuerzas y han creado un sindicato en tu provincia.;;;;;;;;;x;;;;,,,,,,,,,,,,,,,,,,,,,,,,,,,,,,,,,,,,,,,,,,,,,,,,,,,,,,,,,,,,,,,,,,,,,,,,,,,,,,,,
traditional_academic;Traditional Academia;Académie traditionnelle;Traditionelle Wissenschaftswelt;;Academia tradicional;;;;;;;;;x,,,,,,,,,,,,,,,,,,,,,,,,,,,,,,,,,,,,,,,,,,,,,,,,,,,,,,,,,,,,,,,,,,,,,,,,,,,,,,,,
trail_of_tears_title;The Trail of Tears;La piste des larmes;Der Pfad der Tränen;;La senda de las lágrimas;;;;;;;;;x;;;;,,,,,,,,,,,,,,,,,,,,,,,,,,,,,,,,,,,,,,,,,,,,,,,,,,,,,,,,,,,,,,,,,,,,,,,,,,,,,,,,
trail_of_tears_desc;The 'Trail of Tears' is the English rendition of the Cherokee name for the forced relocation of the greater Cherokee nation from its homelands in the south-eastern United States - Georgia, Tennessee, Alabama, etc. - to the newly established Indian territories in Oklahoma. By the Indian Removal Act of 1830, enacting this decision lies within our prerogative.;La 'piste des larmes' est l'interprétation française du nom donné par les Cherokee à la délocalisation forcée de leur nation, de sa terre natale située au sud-est des Etats-Unis (Géorgie, Tennesseen, Alabama, etc.) jusqu'aux nouveaux territoires indiens établis en Oklahoma. D'après l'Indian Removal Act de 1830, cette décision fait partie de nos prérogatives.;Der Pfad der Tränen ist die Übersetzung des Cherokee-Ausdrucks für die erzwungene Umsiedlung der Cherokee-Nation aus ihrem Heimatland in den südöstlichen USA - Georgia, Tennessee, Alabama, etc. - in die neu erstellten Indianerterritorien in Oklahoma. Gemäß dem Indian Removal Act von 1830 ist die Ausführung dieser Entscheidung unser Recht.;;Senda de las lágrimas es la traducción al inglés del nombre cherokee de la reubicación forzosa de la gran nación Cherokee desde su patria original en el sudeste de los Estados Unidos -Georgia, Tennessee, Alabama, etc- a los nuevos territorios indios de Oklahoma. Según el Acta de extracción india de 1830, poner esta decisión en práctica es prerrogativa nuestra.;;;;;;;;;x;;;;,,,,,,,,,,,,,,,,,,,,,,,,,,,,,,,,,,,,,,,,,,,,,,,,,,,,,,,,,,,,,,,,
treaties_of_velasco;Treaties of Velasco;;;;;;;;;;;;x,,,,,,,,,,,,,;;;;;;;;;;;;;;;;,,,,,,,,,,,,,,,,,,,,,,,,,,,,,,,,,,,,,,,,,,,,,,,,,,,,,,,,,,,,,,,,,,,
treaties_of_velasco_desc;The treaties may be worth less than the paper they're printed on, but they supposedly offer us a guarantee of independence from Mexico. We shall see if they last.;;;;;;;;;;;;x,,,,,,,,,,,,;;;;;;;;;;;;;;;;,,,,,,,,,,,,,,,,,,,,,,,,,,,,,,,,,,,,,,,,,,,,,,,,,,,,,,,,,,,,,,,,,,,
treaty_of_aigun_title;The Treaty of Aigun;;;;;;;;;;;;x,,,,,,,,,,,,,,,,,,,,,,,,,,,,,,,,,,,,,,,,,,,,,,,,,,,,,,,,,,,,,,,,,,,,,,,,,,,,,,,,;;;;;;;;;;;;;;;;
treaty_of_aigun_desc;The time has come to approach the Chinese, and make our demand that they turn over northern Manchuria to us. It is the only way there will be peace.;;;;;;;;;;;;x,,,,,,,,,,,,,,,,,,,,,,,,,,,,,,,,,,,,,,,,,,,,,,,,,,,,,,,,,,,,,,,,,,,,,,,,,,,,,,,;;;;;;;;;;;;;;;;
Treaty_of_Alliance_title;Treaty of Alliance;Treaty of Alliance;Treaty of Alliance;;;;;;;;;;;;x;;;;;;;;;;;;;;,,,,,,,,,,,,,,,,,,,,,,,,,,,,,,,,,,,,,,,,,,,,,,,,,,,,,,,,,,,,,,,,,,,,,,,,,,,,,,,,
Treaty_of_Alliance_desc;According to the treaty both states agreed not to enter in an alliance against the other state," to follow policy of friendship and to help each other. According to Annex 2 Germany guaranteed ""with all its efforts the political independence and the territorial integrity of Bulgaria... against every attack or claim from any country."" Bulgaria agreed to help Germany with its whole army in case ""Germany is attacked without reason by a country bordering with Bulgaria."" The Treaty also set the boundaries for Bulgaria and Austria-Hungary after the partition of SerbiaAccording to the treaty both states agreed not to enter in an alliance against the other state"," to follow policy of friendship and to help each other. According to Annex 2 Germany guaranteed ""with all its efforts the political independence and the territorial integrity of Bulgaria... against every attack or claim from any country."" Bulgaria agreed to help Germany with its whole army in case ""Germany is attacked without reason by a country bordering with Bulgaria."" The Treaty also set the boundaries for Bulgaria and Austria-Hungary after the partition of Serbia.;According to the treaty both states agreed not to enter in an alliance against the other state"," to follow policy of friendship and to help each other. According to Annex 2 Germany guaranteed ""with all its efforts the political independence and the territorial integrity of Bulgaria... against every attack or claim from any country."" Bulgaria agreed to help Germany with its whole army in case ""Germany is attacked without reason by a country bordering with Bulgaria."" The Treaty also set the boundaries for Bulgaria and Austria-Hungary after the partition of Serbia.;;;;;;;;;;;;x;;;;;;;;;;;;;;",,,,,,,,,,,,,,,,,,,,,,,,,,,,,,,,,,,,,,,,,,,,,,,,,,,,,,,,,,,,,,,,,,,,,,,,,,,,,
treaty_of_guadalupe_hidalgo_title;Treaty of Guadalupe Hidalgo;;;;;;;;;;;;;x,,,,,,,,,,,,,,,,,,,,,,,,,,,,,,,,,,,,,,,,,,,,,,,,,,,,,,,,,,,,,,,,,,,,,,,,,,,,,,,,;;;;;;;;;;;;;;;
treaty_of_guadalupe_hidalgo_desc;Should we get a convincing enough victory over the Mexicans, we will be able to force them to the negotiating table in order to discuss their surrendering of all claims to land north of the Rio Grande-- in exchange for a fair price, of course.;;;;;;;;;;;;;x,,,,,,,,,,,,,,,,,,,,,,,,,,,,,,,,,,,,,,,,,,,,,,,,,,,,,,,,,,,,,,,,,,,,,,,,,,,,,,;;;;;;;;;;;;;;;
treaty_of_heligoland_title;The Heligoland Treaty;;;;;;;;;;;;;x,,,,,,,,,,,,,,,,,,,,,,,,,,,,,,,,,,,,,,,,,,,,,,,,,,,,,,,,,,,,,,,,,,,,,,,,,,,,,,,,;;;;;;;;;;;;;;;
treaty_of_heligoland_desc;Germany is eager to obtain the island of Heligoland, currently in our possession. To avoid a war, it might be in our best interest to arrange a trade: Heligoland in exchange for one of their colonies.;;;;;;;;;;;;;x,,,,,,,,,,,,,,,,,,,,,,,,,,,,,,,,,,,,,,,,,,,,,,,,,,,,,,,,,,,,,,,,,,,,,,,,,,,,,,;;;;;;;;;;;;;;;
treaty_of_la_paz_title;Treaty of La Paz;;;;;;;;;;;;;x,,,,,,,,,,,,,,,,,,,,,,,,,,,,,,,,,,,,,,,,,,,,,,,,,,,,,,,,,,,,,,,,,,,,,,,,,,,,,,,,;;;;;;;;;;;;;;;
treaty_of_la_paz_desc;Our claim to both Peru and Bolivia is now considered legitimate.;;;;;;;;;;;;;x,,,,,,,,,,,,,,,,,,,,,,,,,,,,,,,,,,,,,,,,,,,,,,,,,,,,,,,,,,,,,,,,,,,,,,,,,,,,,,,,;;;;;;;;;;;;;;;
treaty_of_nanking_title;Treaty of Nanking;;;;;;;;;;;;;x,,,,,,,,,,,,,,,,,,,,,,,,,,,,,,,,,,,,,,,,,,,,,,,,,,,,,,,,,,,,,,,,,,,,,,,,,,,,,,,,;;;;;;;;;;;;;;;
treaty_of_nanking_desc;Using our new influence with the Chinese government, we can force them to the table and extract trade and territory concessions-- not the least of which will be the cession of Hong Kong, a valuable port to possess on the southern seas.;;;;;;;;;;;;;x,,,,,,,,,,,,,,,,,,,,,,,,,,,,,,,,,,,,,,,,,,,,,,,,,,,,,,,,,,,,,,,,,,,,,,,,,,,,,,;;;;;;;;;;;;;;;
treaty_of_ouchy_title;Treaty of Ouchy;;;;;;;;;;;;;x,,,,,,,,,,,,,,,,,,,,,,,,,,,,,,,,,,,,,,,,,,,,,,,,,,,,,,,,,,,,,,,,,,,,,,,,,,,,,,,,;;;;;;;;;;;;;;;
treaty_of_ouchy_desc;Now that we possess Tripoli, we can take the Turks to the negotiating table and force them to hand over the remainder of Libya in exchange for any other provinces of theirs we hold.;;;;;;;;;;;;;x,,,,,,,,,,,,,,,,,,,,,,,,,,,,,,,,,,,,,,,,,,,,,,,,,,,,,,,,,,,,,,,,,,,,,,,,,,,,,,,;;;;;;;;;;;;;;;
treaty_of_paris_1856_title;Treaty of Paris;;;;;;;;;;;;;x,,,,,,,,,,,,,,,,,,,,,,,,,,,,,,,,,,,,,,,,,,,,,,,,,,,,,,,,,,,,,,,,,,,,,,,,,,,,,,,,;;;;;;;;;;;;;;;
treaty_of_paris_1856_desc;With the Russians having failed to assert their authority over the Turks, it is time for the powers of Europe to convene in Paris and settle the matter as best we can.;;;;;;;;;;;;;x,,,,,,,,,,,,,,,,,,,,,,,,,,,,,,,,,,,,,,,,,,,,,,,,,,,,,,,,,,,,,,,,,,,,,,,,,,,,,,,;;;;;;;;;;;;;;;
treaty_of_paris_1898_title;Demand Spanish Colonies;;;;;;;;;;;;;x,,,,,,,,,,,,,,,,,,,,,,,,,,,,,,,,,,,,,,,,,,,,,,,,,,,,,,,,,,,,,,,,,,,,,,,,,,,,,,,,;;;;;;;;;;;;;;;
treaty_of_paris_1898_desc;Spain has no choice but to admit it cannot hold onto its Caribbean and Pacific holdings. If we sit down and enter into peace negotiations with the Spanish government, it is possible they might be willing to end this war and turn over their holdings to us… for a price. Some will see this as the beginnings of American colonialism, but to our government this is simply a recognition of the world power that the United States has become.;;;;;;;;;;;;;x,,,,,,,,,,,,,,,,,,,,,,,,,,,,,,,,,,,,,,,,,,,,,,,,,,,,,,,,,,,,,,,,,,,,,,,,,,,,,,;;;;;;;;;;;;;;;
treaty_of_paris_russia_title;Treaty of Paris;;;;;;;;;;;;;x,,,,,,,,,,,,,,,,,,,,,,,,,,,,,,,,,,,,,,,,,,,,,,,,,,,,,,,,,,,,,,,,,,,,,,,,,,,,,,,,;;;;;;;;;;;;;;;
treaty_of_paris_russia_desc;Now that we have successfully asserted our authority over the Turks, it is time to convene the powers of Europe in Paris and settle the matter as best we can.;;;;;;;;;;;;;x,,,,,,,,,,,,,,,,,,,,,,,,,,,,,,,,,,,,,,,,,,,,,,,,,,,,,,,,,,,,,,,,,,,,,,,,,,,,,,,;;;;;;;;;;;;;;;
treaty_of_paris_1898_victory_title;Treaty of Paris;;;;;;;;;;;;;x,,,,,,,,,,,,,,,,,,,,,,,,,,,,,,,,,,,,,,,,,,,,,,,,,,,,,,,,,,,,,,,,,,,,,,,,,,,,,,,,;;;;;;;;;;;;;;;
treaty_of_paris_1898_victory_desc;We have been victorious in our war against Spain, and Cuba is now free. The Spanish government should realize it does not have the power to hold onto its North American and Pacific colonies. We should approach them and demand they turn over these colonies to us-- for, while it might indicate to some the beginnings of American colonialism, we feel these colonies are best entrusted to the care of a democratic Western power who has the power to hold them.;;;;;;;;;;;;;x,,,,,,,,,,,,,,,,,,,,,,,,,,,,,,,,,,,,,,,,,,,,,,,,,,,,,,,,,,,,,,,,,,,,,,,,,,,,,;;;;;;;;;;;;;;;
treaty_of_shimonoseki_title;Treaty of Shimonoseki;;;;;;;;;;;;;x,,,,,,,,,,,,,,,,,,,,,,,,,,,,,,,,,,,,,,,,,,,,,,,,,,,,,,,,,,,,,,,,,,,,,,,,,,,,,,,,;;;;;;;;;;;;;;;
treaty_of_shimonoseki_desc;With the Chinese resistance crumbling, we are in a position to gain advantage-- namely the island of Formosa and reparations, not to mention proving our own superiority in the conflict.;;;;;;;;;;;;;x,,,,,,,,,,,,,,,,,,,,,,,,,,,,,,,,,,,,,,,,,,,,,,,,,,,,,,,,,,,,,,,,,,,,,,,,,,,,,,;;;;;;;;;;;;;;;
treaty_of_simulambuko_desc;With the colonial powers of Europe having met at the Congo Conference to decide the orderly division of the African continent, pressure is mounting for Portugal to occupy the lands we have lain claim to. Our diplomats have been in close contact with the princes of Cabinda, and with additional urging we should be able to conclude a treaty forcing the Kongolese to surrender our Angolan claims.;;;;;;;;;;;;x,,,,,,,,,,,,,,,,,,,,,,,,,,,,,,,,,,,,,,,,,,,,,,,,,,,,,,,,,,,,,,,,,,,,,,,,,,,,,,;;;;;;;;;;;;;;;;
treaty_of_simulambuko_title;Treaty of Simulambuko;;;;;;;;;;;;x,,,,,,,,,,,,,,,,,,,,,,,,,,,,,,,,,,,,,,,,,,,,,,,,,,,,,,,,,,,,,,,,,,,,,,,,,,,,,,,,;;;;;;;;;;;;;;;;
treaty_of_saint_petersburg_title;Treaty of St. Petersburg;;;;;;;;;;;;x,,,,,,,,,,,,,,,,,,,,,,,,,,,,,,,,,,,,,,,,,,,,,,,,,,,,,,,,,,,,,,,,,,,,,,,,,,,,,,,,;;;;;;;;;;;;;;;;
treaty_of_saint_petersburg_desc;With the Muslim rebellion in China now over, we find ourselves in a situation where Russia controls the western half of the Dungan basin and China the eastern half. We should force our claim to the entire area.;;;;;;;;;;;;x,,,,,,,,,,,,,,,,,,,,,,,,,,,,,,,,,,,,,,,,,,,,,,,,,,,,,,,,,,,,,,,,,,,,,,,,,,,,,,,;;;;;;;;;;;;;;;;
treaty_of_tartu_title;Treaty of Tartu;;;;;;;;;;;;x,,,,,,,,,,,,,,,,,,,,,,,,,,,,,,,,,,,,,,,,,,,,,,,,,,,,,,,,,,,,,,,,,,,,,,,,,,,,,,,,;;;;;;;;;;;;;;;;
treaty_of_tartu_desc;Now that we are free from Russian rule, we should approach the Russian government and discuss the claims to Petsamo and southern Karelia before we end up in a territorial war we cannot hope to win.;;;;;;;;;;;;x,,,,,,,,,,,,,,,,,,,,,,,,,,,,,,,,,,,,,,,,,,,,,,,,,,,,,,,,,,,,,,,,,,,,,,,,,,,,,,,;;;;;;;;;;;;;;;;
treaty_of_umtata_title;Treaty of Umtata;;;;;;;;;;;;x,,,,,,,,,,,,,,,,,,,,,,,,,,,,,,,,,,,,,,,,,,,,,,,,,,,,,,,,,,,,,,,,,,,,,,,,,,,,,,,,;;;;;;;;;;;;;;;;
treaty_of_umtata_desc;Now that the war with the Xhosa is done, the time has come to discuss our mutual borders. With our colonists increasingly moving eastward, we may need to incorporate some of their lands into the Cape Colony.;;;;;;;;;;;;x,,,,,,,,,,,,,,,,,,,,,,,,,,,,,,,,,,,,,,,,,,,,,,,,,,,,,,,,,,,,,,,,,,,,,,,,,,,,,,;;;;;;;;;;;;;;;;
treaty_of_vereeniging_title;Treaty of Vereeniging;;;;;;;;;;;;x,,,,,,,,,,,,,,,,,,,,,,,,,,,,,,,,,,,,,,,,,,,,,,,,,,,,,,,,,,,,,,,,,,,,,,,,,,,,,,,,;;;;;;;;;;;;;;;;
treaty_of_vereeniging_desc;The Cape Colony is under our control. Now is the time to sit down with our former colonial masters and work out a peace deal that will see it transferred back into Boer hands.;;;;;;;;;;;;x,,,,,,,,,,,,,,,,,,,,,,,,,,,,,,,,,,,,,,,,,,,,,,,,,,,,,,,,,,,,,,,,,,,,,,,,,,,,,,,,;;;;;;;;;;;;;;;;
trek_boers;Trek Boers;Le Trek des Boers;Treck-Buren;;Viajeros boers;;;;;;;;;x;;;;,,,,,,,,,,,,,,,,,,,,,,,,,,,,,,,,,,,,,,,,,,,,,,,,,,,,,,,,,,,,,,,,,,,,,,,,,,,,,,,,
"desc_trek_boers;Boers from the Cape Colony are migrating to this province. A small trickle in the stream that what will later be known as 'The Great Trek'.;""Les Boers de la colonie du Cap migrent vers cette province. C'est ce que l'on appellera plus tard le """"Grand Trek""""."";Buren aus der Kapkolonie wandern in diese Provinz ein. Ein kleines Rinnsal im großen Fluss", der einst als der 'Große Treck' bekannt wird.;;Los boers de la colonia de El Cabo están emigrando a esta provincia. Un pequeño reguero del torrente que la posteridad conocerá como 'La Gran Marcha'.;;;;;;;;;x;;;;,,,,,,,,,,,,,,,,,,,,,,,,,,,,,,,,,,,,,,,,,,,,,,,,,,,,,,,,,,,,,,,,,,,,,,,,,,,,,,,
trucial_protectorate_title;The Trucial States Treaty;;;;;;;;;;;;x,,,,,,,,,,,,,,,,,,,,,,,,,,,,,,,,,,,,,,,,,,,,,,,,,,,,,,,,,,,,,,,,,,,,,,,,,,,,,,,,;;;;;;;;;;;;;;;;
trucial_protectorate_desc;With enough influence among the sheiks of the Trucial States, a treaty could be signed that would force them to acknowledge us as their sovereign. They would enter into no relationships with other nations without our express permission, and our continued influence over the Arabian peninsula would be secured.;;;;;;;;;;;;x,,,,,,,,,,,,,,,,,,,,,,,,,,,,,,,,,,,,,,,,,,,,,,,,,,,,,,,,,,,,,,,,,,,,,,,,,,,,,,;;;;;;;;;;;;;;;;
trustee_system;The Trusty System;Le système de confiance;Das Treuhändersystem;;Sistema de confianza;;;;;;;;;x;;;;,,,,,,,,,,,,,,,,,,,,,,,,,,,,,,,,,,,,,,,,,,,,,,,,,,,,,,,,,,,,,,,,,,,,,,,,,,,,,,,,
trustee_system_desc;Inmates police other inmates in this state's prisons, and production is better off for it.;Dans les prisons de cet État, les condamnés sont surveillés par des codétenus. Cette méthode a nettement accru la production.;Insassen überwachen ihre Mitinsassen in den Gefängnissen dieses Staates, und die Produktion ist deswegen angestiegen.;;Los reclusos vigilan a otros reclusos en las prisiones de este estado y la producción mejora con ello.;;;;;;;;;x;;;;,,,,,,,,,,,,,,,,,,,,,,,,,,,,,,,,,,,,,,,,,,,,,,,,,,,,,,,,,,,,,,,,,,,,,,,,,,,,,
trusts;Trusts;Cartels;Trusts;;Cárteles;;;;;;;;;x;;;;,,,,,,,,,,,,,,,,,,,,,,,,,,,,,,,,,,,,,,,,,,,,,,,,,,,,,,,,,,,,,,,,,,,,,,,,,,,,,,,,
desc_trusts;Less government investment into crime fighting results in a very unfair distribution of the wealth in a province. The rich would get even richer, while the poor would get poorer.;La baisse des investissements de l'État dans la lutte contre le crime se traduit par une répartition très injuste des richesses dans une province. Les riches deviennent encore plus riches et les pauvres encore plus pauvres.;Weniger Regierungsinvestitionen in die Verbrechensbekämpfung führt zu einer sehr ungerechten Verteilung des Reichtums in einer Provinz. Die Reichen wurden noch reicher, während die Armen immer ärmer wurden.;;A menor inversión del gobierno en la lucha contra la delincuencia, una distribución más injusta de la riqueza de una provincia. Los ricos se hacían más ricos... y los pobres, más pobres.;;;;;;;;;x;;;;,,,,,,,,,,,,,,,,,,,,,,,,,,,,,,,,,,,,,,,,,,,,,,,,,,,,,,,,,,,,,,,,,,,,,,,,,,,,
try_annex_belize_title;Annex Belize;;;;;;x;;,,,,,,,,,,,,,,,,,,,,,,,,,,,,,,,,,,,,,,,,,,,,,,,,,,,,,,,,,,,,,,,,,,,,,,,,,,,,,,,,
try_annex_belize_desc;We can annex Belize from England;;;;;;x;;,,,,,,,,,,,,,,,,,,,,,,,,,,,,,,,,,,,,,,,,,,,,,,,,,,,,,,,,,,,,,,,,,,,,,,,,,,,,,,,,
try_annex_bermuda_title;Annex Bermuda;;;;;;x;;,,,,,,,,,,,,,,,,,,,,,,,,,,,,,,,,,,,,,,,,,,,,,,,,,,,,,,,,,,,,,,,,,,,,,,,,,,,,,,,,
try_annex_bermuda_desc;We can annex Bermuda;;;;;;x;;,,,,,,,,,,,,,,,,,,,,,,,,,,,,,,,,,,,,,,,,,,,,,,,,,,,,,,,,,,,,,,,,,,,,,,,,,,,,,,,,
try_annex_dutch_zuli_title;Annex Dutch Zuli;;;;;;x;;,,,,,,,,,,,,,,,,,,,,,,,,,,,,,,,,,,,,,,,,,,,,,,,,,,,,,,,,,,,,,,,,,,,,,,,,,,,,,,,,
try_annex_dutch_zuli_desc;We can annex Dutch Zuli;;;;;;x;;,,,,,,,,,,,,,,,,,,,,,,,,,,,,,,,,,,,,,,,,,,,,,,,,,,,,,,,,,,,,,,,,,,,,,,,,,,,,,,,,
try_annex_eng_antiles_title;Annex English Antiles;;;;;;x;;,,,,,,,,,,,,,,,,,,,,,,,,,,,,,,,,,,,,,,,,,,,,,,,,,,,,,,,,,,,,,,,,,,,,,,,,,,,,,,,,
try_annex_eng_antiles_desc;We can annex the English Antiles;;;;;;x;;,,,,,,,,,,,,,,,,,,,,,,,,,,,,,,,,,,,,,,,,,,,,,,,,,,,,,,,,,,,,,,,,,,,,,,,,,,,,,,,,
try_annex_fra_antiles_title;Annex French Antiles;;;;;;x;;,,,,,,,,,,,,,,,,,,,,,,,,,,,,,,,,,,,,,,,,,,,,,,,,,,,,,,,,,,,,,,,,,,,,,,,,,,,,,,,,
try_annex_fra_antiles_desc;We can annex French Antiles;;;;;;x;;,,,,,,,,,,,,,,,,,,,,,,,,,,,,,,,,,,,,,,,,,,,,,,,,,,,,,,,,,,,,,,,,,,,,,,,,,,,,,,,,
try_annex_st_title;Annex St Pierre;;;;;;x;;,,,,,,,,,,,,,,,,,,,,,,,,,,,,,,,,,,,,,,,,,,,,,,,,,,,,,,,,,,,,,,,,,,,,,,,,,,,,,,,,
try_annex_st_desc;We can annex St Pierre;;;;;;x;;,,,,,,,,,,,,,,,,,,,,,,,,,,,,,,,,,,,,,,,,,,,,,,,,,,,,,,,,,,,,,,,,,,,,,,,,,,,,,,,,
ulster_plantation_title;The Plantation of Ulster;;;;;;x;;,,,,,,,,,,,,,,,,,,,,,,,,,,,,,,,,,,,,,,,,,,,,,,,,,,,,,,,,,,,,,,,,,,,,,,,,,,,,,,,,
ulster_plantation_desc;England has used plantations in Ireland before but with little success. This time, we shall gradually confiscate Irish lands and give them to proper Protestant Englishmen in an effort to pacify and assimilate the country.;;;;;;x;;,,,,,,,,,,,,,,,,,,,,,,,,,,,,,,,,,,,,,,,,,,,,,,,,,,,,,,,,,,,,,,,,,,,,,,,,,,,,,,,
ulster_plantation_mod;Ulster Plantation;;;;;;x;;,,,,,,,,,,,,,,,,,,,,,,,,,,,,,,,,,,,,,,,,,,,,,,,,,,,,,,,,,,,,,,,,,,,,,,,,,,,,,,,,
ulster_plantation_mod_desc;England is actively seeking to replace the Irish Catholic population in Ulster with Protestants from Great Britain.;;;;;;x;;,,,,,,,,,,,,,,,,,,,,,,,,,,,,,,,,,,,,,,,,,,,,,,,,,,,,,,,,,,,,,,,,,,,,,,,,,,,,,,,,
ultimatum_to_portugal_title;Send Ultimatum to Portugal;;;;;;;;;;;;;x,,,,,,,,,,,,,,,,,,,,,,,,,,,,,,,,,,,,,,,,,,,,,,,,,,,,,,,,,,,,,,,,,,,,,,,,,,,,,,,,;;;;;;;;;;;;;;;
ultimatum_to_portugal_desc;It is in the British government's best interests to expand our colonies in southern Africa northwards. This will be impossible if the Portuguese complete their dreams of the 'Pink Map' by connecting Angola and Mozambique. We must make our demand or face the possibility of surrendering central Africa to other powers.;;;;;;;;;;;;;x,,,,,,,,,,,,,,,,,,,,,,,,,,,,,,,,,,,,,,,,,,,,,,,,,,,,,,,,,,,,,,,,,,,,,,,,,,,,,,,,;;;;;;;;;;;;;;;
uncivilized_isolationism;Isolationism;Isolationnisme;Isolationismus;;Aislacionismo;;;;;;;;;x;;;;,,,,,,,,,,,,,,,,,,,,,,,,,,,,,,,,,,,,,,,,,,,,,,,,,,,,,,,,,,,,,,,,,,,,,,,,,,,,,,,,
desc_uncivilized_isolationism;Our country has closed its ports and borders to foreigners.;Notre pays a fermé ses ports et ses frontières aux étrangers.;Unser Land hat seine Häfen und Grenzen für Ausländer geschlossen.;;Nuestro país ha cerrado sus puertos y fronteras a los extranjeros.;;;;;;;;;x;;;;,,,,,,,,,,,,,,,,,,,,,,,,,,,,,,,,,,,,,,,,,,,,,,,,,,,,,,,,,,,,,,,,,,,,,,,,,,,,,,,,
unciv_nation;Uncivilized Nation;Nation non civilisée;Unzivilisierte Nation;;Nación sin civilizar;;;;;;;;;x;,,,,,,,,,,,,,,,,,,,,,,,,,,,,,,,,,,,,,,,,,,,,,,,,,,,,,,,,,,,,,,,,,,,,,,,,,,,,,,,,
underground_newspaper;Revolutionary Newspaper;;;;;;;;;;;;x,,,,,,,,,,,,,,,,,,,,,,,,,,,,,,,,,,,,,,,,,,,,,,,,,,,,,,,,,,,,,,,,,,,,,,,,,,,,,,,,;;;;;;;;;;;;;;;;
underground_railroad;Underground Railroad;Chemin de fer souterrain;Underground Railroad;;Ferrocarril subterráneo;;;;;;;;;x;;;;,,,,,,,,,,,,,,,,,,,,,,,,,,,,,,,,,,,,,,,,,,,,,,,,,,,,,,,,,,,,,,,,,,,,,,,,,,,,,,,,
desc_underground_railroad;An Underground Railroad operates in this province, bringing slaves to freedom.;Cette province est équipée d'une voie ferrée souterraine qui conduit les esclaves vers la liberté.;Eine Underground Railroad arbeitet in dieser Provinz;;En esta provincia opera un ferrocarril subterráneo que conduce a esclavos hacia la libertad.;;;;;;;;;x;;;;,,,,,,,,,,,,,,,,,,,,,,,,,,,,,,,,,,,,,,,,,,,,,,,,,,,,,,,,,,,,,,,,,,,,,,,,,,,,,,,
unequal_treaty_title;The Unequal Treaty;;;;;;;;;;;;;x,,,,,,,,,,,,,,,,,,,,,,,,,,,,,,,,,,,,,,,,,,,,,,,,,,,,,,,,,,,,,,,,,,,,,,,,,,,,,,,,;;;;;;;;;;;;;;;
unequal_treaty_DAI_title;Treaty of Hanoi;;;;;;;;;;;;;x,,,,,,,,,,,,,,,,,,,,,,,,,,,,,,,,,,,,,,,,,,,,,,,,,,,,,,,,,,,,,,,,,,,,,,,,,,,,,,,,;;;;;;;;;;;;;;;
unequal_treaty_DAI_desc;The Vietnamese are in dire straits. They cannot hold out for much longer. Perhaps we should offer them the chance to go to the negotiating table, and end this war between us… on terms very much in our own favor, of course.;;;;;;;;;;;;;x,,,,,,,,,,,,,,,,,,,,,,,,,,,,,,,,,,,,,,,,,,,,,,,,,,,,,,,,,,,,,,,,,,,,,,,,,,,,,,;;;;;;;;;;;;;;;
unequal_treaty_desc;The Qing Empire is at a disadvantage. We are in a position to bring them to the negotiating table, and wrangle concessions of both land and reparations-- provided they are willing, of course.;;;;;;;;;;;;;x,,,,,,,,,,,,,,,,,,,,,,,,,,,,,,,,,,,,,,,,,,,,,,,,,,,,,,,,,,,,,,,,,,,,,,,,,,,,,,;;;;;;;;;;;;;;;
unequal_treaty_TPG_title;The Unequal Treaty;;;;;;;;;;;;;x,,,,,,,,,,,,,,,,,,,,,,,,,,,,,,,,,,,,,,,,,,,,,,,,,,,,,,,,,,,,,,,,,,,,,,,,,,,,,,,,;;;;;;;;;;;;;;;
unequal_treaty_TPG_desc;The Heavenly Kingdom is at a disadvantage. We are in a position to bring them to the negotiating table, and wrangle concessions of both land and reparations-- provided they are willing, of course.;;;;;;;;;;;;;x,,,,,,,,,,,,,,,,,,,,,,,,,,,,,,,,,,,,,,,,,,,,,,,,,,,,,,,,,,,,,,,,,,,,,,,,,,,,,,;;;;;;;;;;;;;;;
unequal_treaty_desc;The Japanese are at a disadvantage. We are in a position to bring them to the negotiating table, and wrangle concessions of both trading privileges and reparations-- provided they are willing, of course.;;;;;;;;;;;;;x,,,,,,,,,,,,,,,,,,,,,,,,,,,,,,,,,,,,,,,,,,,,,,,,,,,,,,,,,,,,,,,,,,,,,,,,,,,,,,;;;;;;;;;;;;;;;
unethical_human_experiment_title;Unethical Human Experiments;x;;;;;;;;;,,,,,,,,,,,,,,,,,,,,,,,,,,,,,,,,,,,,,,,,,,,,,,,,,,,,,,,,,,,,,,,,,,,,,,,,,,,,,,,,
unethical_human_experiment_desc;Using people across the nation as test subjects could boost our research potential, however it is unlikely to go down well with the populace and the international community.;x;;;;;;;;;,,,,,,,,,,,,,,,,,,,,,,,,,,,,,,,,,,,,,,,,,,,,,,,,,,,,,,,,,,,,,,,,,,,,,,,,,,,,,,,
unite_ethiopia_ETH_title;Unite Ethiopia;;;;;;;;;;;;;x,,,,,,,,,,,,,,,,,,,,,,,,,,,,,,,,,,,,,,,,,,,,,,,,,,,,,,,,,,,,,,,,,,,,,,,,,,,,,,,,;;;;;;;;;;;;;;;
unite_ethiopia_ETH_desc;The civil war is over. Ethiopia must be one nation!;;;;;;;;;;;;;x,,,,,,,,,,,,,,,,,,,,,,,,,,,,,,,,,,,,,,,,,,,,,,,,,,,,,,,,,,,,,,,,,,,,,,,,,,,,,,,,;;;;;;;;;;;;;;;
unite_ethiopia_SHW_title;Unite Shewa;;;;;;;;;;;;;x,,,,,,,,,,,,,,,,,,,,,,,,,,,,,,,,,,,,,,,,,,,,,,,,,,,,,,,,,,,,,,,,,,,,,,,,,,,,,,,,;;;;;;;;;;;;;;;
unite_ethiopia_SHW_desc;The civil war is over. Shewa must be one nation!;;;;;;;;;;;;;x,,,,,,,,,,,,,,,,,,,,,,,,,,,,,,,,,,,,,,,,,,,,,,,,,,,,,,,,,,,,,,,,,,,,,,,,,,,,,,,,;;;;;;;;;;;;;;;
unite_gran_colombia_title;Reunite Gran Colombia;;;;;;;;;;;;;x,,,,,,,,,,,,,,,,,,,,,,,,,,,,,,,,,,,,,,,,,,,,,,,,,,,,,,,,,,,,,,,,,,,,,,,,,,,,,,,,;;;;;;;;;;;;;;;
unite_gran_colombia_desc;Gran Colombia shall be reborn from the ashes. Long live the united republic!;;;;;;;;;;;;;x,,,,,,,,,,,,,,,,,,,,,,,,,,,,,,,,,,,,,,,,,,,,,,,,,,,,,,,,,,,,,,,,,,,,,,,,,,,,,,,,;;;;;;;;;;;;;;;
unite_indonesia_title;Unite Indonesia;;;;;;;;;;;;;x,,,,,,,,,,,,,,,,,,,,,,,,,,,,,,,,,,,,,,,,,,,,,,,,,,,,,,,,,,,,,,,,,,,,,,,,,,,,,,,,;;;;;;;;;;;;;;;
unite_indonesia_desc;We must unite all of the Malay, Javan, Moluccan and Melanesian people of the East Indies under a common banner. Down with the imperialists!;;;;;;;;;;;;;x,,,,,,,,,,,,,,,,,,,,,,,,,,,,,,,,,,,,,,,,,,,,,,,,,,,,,,,,,,,,,,,,,,,,,,,,,,,,,,;;;;;;;;;;;;;;;
unite_la_plata_title;Unite La Plata;;;;;;;;;;;;;x,,,,,,,,,,,,,,,,,,,,,,,,,,,,,,,,,,,,,,,,,,,,,,,,,,,,,,,,,,,,,,,,,,,,,,,,,,,,,,,,;;;;;;;;;;;;;;;
unite_la_plata_desc;The nations which were once part of the Viceroyalty of La Plata must be reunited under a single flag once again, the platinean peoples bound together into a great nation, a power to rule in the New World.;;;;;;;;;;;;;x,,,,,,,,,,,,,,,,,,,,,,,,,,,,,,,,,,,,,,,,,,,,,,,,,,,,,,,,,,,,,,,,,,,,,,,,,,,,,,;;;;;;;;;;;;;;;
unite_malaya_title;Unite Malaysia;;;;;;;;;;;;;x,,,,,,,,,,,,,,,,,,,,,,,,,,,,,,,,,,,,,,,,,,,,,,,,,,,,,,,,,,,,,,,,,,,,,,,,,,,,,,,,;;;;;;;;;;;;;;;
unite_malaya_desc;We must unite all of the Malay peoples of the East Indies under a common banner. Down with the imperialists!;;;;;;;;;;;;;x,,,,,,,,,,,,,,,,,,,,,,,,,,,,,,,,,,,,,,,,,,,,,,,,,,,,,,,,,,,,,,,,,,,,,,,,,,,,,,,,;;;;;;;;;;;;;;;
unite_moldavia_wallachia_title;Unite Wallachia & Moldavia;;;;;;;;;;;;;x,,,,,,,,,,,,,,,,,,,,,,,,,,,,,,,,,,,,,,,,,,,,,,,,,,,,,,,,,,,,,,,,,,,,,,,,,,,,,,,,;;;;;;;;;;;;;;;
unite_moldavia_wallachia_desc;The Principalities of Moldavia and Wallachia must unite under a single flag, and together achieve our destiny as a united Romania!;;;;;;;;;;;;;x,,,,,,,,,,,,,,,,,,,,,,,,,,,,,,,,,,,,,,,,,,,,,,,,,,,,,,,,,,,,,,,,,,,,,,,,,,,,,,,;;;;;;;;;;;;;;;
unite_somalia_title;Unite Somaliland;;;;;;;;;;;;;x,,,,,,,,,,,,,,,,,,,,,,,,,,,,,,,,,,,,,,,,,,,,,,,,,,,,,,,,,,,,,,,,,,,,,,,,,,,,,,,,;;;;;;;;;;;;;;;
unite_somalia_desc;We must unite all Somalis under a single, unified flag!;;;;;;;;;;;;;x,,,,,,,,,,,,,,,,,,,,,,,,,,,,,,,,,,,,,,,,,,,,,,,,,,,,,,,,,,,,,,,,,,,,,,,,,,,,,,,;;;;;;;;;;;;;;;
unite_the_daimyos_title;Unite the Daimyos;;;;;;;;;;;;;x,,,,,,,,,,,,,,,,,,,,,,,,,,,,,,,,,,,,,,,,,,,,,,,,,,,,,,,,,,,,,,,,,,,,,,,,,,,,,,,,;;;;;;;;;;;;;;;
unite_the_daimyos_desc;With the daimyos under our complete dominance, we will be in a position to fully bring them under the government's control. The divisions maintained by the han system weaken us as a whole-- the Shogunate must be strong and united if it is to move forward as a world power.;;;;;;;;;;;;;x,,,,,,,,,,,,,,,,,,,,,,,,,,,,,,,,,,,,,,,,,,,,,,,,,,,,,,,,,,,,,,,,,,,,,,,,,,,,,,,;;;;;;;;;;;;;;;
unite_turkestan_title;Unite Turkestan;;;;;;;;;;;;;x,,,,,,,,,,,,,,,,,,,,,,,,,,,,,,,,,,,,,,,,,,,,,,,,,,,,,,,,,,,,,,,,,,,,,,,,,,,,,,,,;;;;;;;;;;;;;;;
unite_turkestan_desc;Under our nation's leadership, the Turkmen, Kyrgyz, Tajiks and Uzbeks can at last be united into a single Turkestan. Should this dream ever come to pass, the world shall tremble before our might!;;;;;;;;;;;;;x,,,,,,,,,,,,,,,,,,,,,,,,,,,,,,,,,,,,,,,,,,,,,,,,,,,,,,,,,,,,,,,,,,,,,,,,,,,,;;;;;;;;;;;;;;;
unite_with_croatia_title;Unite with Croatia;;;;;;;;;;;;;x,,,,,,,,,,,,,,,,,,,,,,,,,,,,,,,,,,,,,,,,,,,,,,,,,,,,,,,,,,,,,,,,,,,,,,,,,,,,,,,,;;;;;;;;;;;;;;;
unite_with_croatia_desc;Now that Croatia has been formed, the time has come for us to join the motherland.;;;;;;;;;;;;;x,,,,,,,,,,,,,,,,,,,,,,,,,,,,,,,,,,,,,,,,,,,,,,,,,,,,,,,,,,,,,,,,,,,,,,,,,,,,,,,;;;;;;;;;;;;;;;
unite_with_estonia_title;Unite With Estonia;;;;;;;;;;;;;x,,,,,,,,,,,,,,,,,,,,,,,,,,,,,,,,,,,,,,,,,,,,,,,,,,,,,,,,,,,,,,,,,,,,,,,,,,,,,,,,;;;;;;;;;;;;;;;
unite_with_estonia_desc;The Estonian people have a historic bond with Scandinavian culture. Perhaps it is time that we extend a hand to them, and invite them to join our nation-- at the very least, we could protect them against Russian adventurism.;;;;;;;;;;;;;x,,,,,,,,,,,,,,,,,,,,,,,,,,,,,,,,,,,,,,,,,,,,,,,,,,,,,,,,,,,,,,,,,,,,,,,,,,,,,,;;;;;;;;;;;;;;;
unite_with_greece_title;Unite With Greece;;;;;;;;;;;;;x,,,,,,,,,,,,,,,,,,,,,,,,,,,,,,,,,,,,,,,,,,,,,,,,,,,,,,,,,,,,,,,,,,,,,,,,,,,,,,,,;;;;;;;;;;;;;;;
unite_with_greece_desc;Our proper place lies with Greece. Long live the Hellenic destiny!;;;;;;;;;;;;;x,,,,,,,,,,,,,,,,,,,,,,,,,,,,,,,,,,,,,,,,,,,,,,,,,,,,,,,,,,,,,,,,,,,,,,,,,,,,,,,,;;;;;;;;;;;;;;;
unite_with_japan_title;Unite With Japan;;;;;;;;;;;;;x,,,,,,,,,,,,,,,,,,,,,,,,,,,,,,,,,,,,,,,,,,,,,,,,,,,,,,,,,,,,,,,,,,,,,,,,,,,,,,,,;;;;;;;;;;;;;;;
unite_with_japan_desc;The time has come to reconcile with the Japanese government, and unite our nations for the good of the Japanese destiny.;;;;;;;;;;;;;x,,,,,,,,,,,,,,,,,,,,,,,,,,,,,,,,,,,,,,,,,,,,,,,,,,,,,,,,,,,,,,,,,,,,,,,,,,,,,,,;;;;;;;;;;;;;;;
unite_with_moldavia_title;Unite with Moldavia;;;;;;;;;;;;x,,,,,,,,,,,,,,,,,,,,,,,,,,,,,,,,,,,,,,,,,,,,,,,,,,,,,,,,,,,,,,,,,,,,,,,,,,,,,,,,;;;;;;;;;;;;;;;;
unite_with_moldavia_desc;The Romanian peoples must stand together as one nation, now and forever more. Together we shall forge a new destiny and reclaim the lands that have been taken from us over the centuries.;;;;;;;;;;;;x,,,,,,,,,,,,,,,,,,,,,,,,,,,,,,,,,,,,,,,,,,,,,,,,,,,,,,,,,,,,,,,,,,,,,,,,,,,,,,,;;;;;;;;;;;;;;;;
unite_with_nepal_title;Unite with Nepal;;;;;;;;;;;;;x,,,,,,,,,,,,,,,,,,,,,,,,,,,,,,,,,,,,,,,,,,,,,,,,,,,,,,,,,,,,,,,,,,,,,,,,,,,,,,,,;;;;;;;;;;;;;;;
unite_with_nepal_desc;The time has come to rejoin with Greater Nepal and reform the great eastern kingdom.;;;;;;;;;;;;;x,,,,,,,,,,,,,,,,,,,,,,,,,,,,,,,,,,,,,,,,,,,,,,,,,,,,,,,,,,,,,,,,,,,,,,,,,,,,,,,,;;;;;;;;;;;;;;;
unite_with_poland_title;Unite with Poland;;;;;;;;;;;;;x,,,,,,,,,,,,,,,,,,,,,,,,,,,,,,,,,,,,,,,,,,,,,,,,,,,,,,,,,,,,,,,,,,,,,,,,,,,,,,,,;;;;;;;;;;;;;;;
unite_with_poland_desc;Now that Poland has been reborn, the time has come for Krakow to rejoin the motherland.;;;;;;;;;;;;;x,,,,,,,,,,,,,,,,,,,,,,,,,,,,,,,,,,,,,,,,,,,,,,,,,,,,,,,,,,,,,,,,,,,,,,,,,,,,,,,;;;;;;;;;;;;;;;
unite_with_romania_title;Unite with Romania;;;;;;;;;;;;;x,,,,,,,,,,,,,,,,,,,,,,,,,,,,,,,,,,,,,,,,,,,,,,,,,,,,,,,,,,,,,,,,,,,,,,,,,,,,,,,,;;;;;;;;;;;;;;;
unite_with_romania_desc;Now that Romania has been formed, the time has come for us to join the motherland.;;;;;;;;;;;;;x,,,,,,,,,,,,,,,,,,,,,,,,,,,,,,,,,,,,,,,,,,,,,,,,,,,,,,,,,,,,,,,,,,,,,,,,,,,,,,,;;;;;;;;;;;;;;;
unite_with_tuscany_title;Unite with Tuscany;;;;;;;;;;;;x,,,,,,,,,,,,,,,,,,,,,,,,,,,,,,,,,,,,,,,,,,,,,,,,,,,,,,,,,,,,,,,,,,,,,,,,,,,,,,,,;;;;;;;;;;;;;;;;
unite_with_tuscany_desc;For the good of Italian reunification, the time has come for Lucca to unite with our Tuscan neighbours to the south.;;;;;;;;;;;;x,,,,,,,,,,,,,,,,,,,,,,,,,,,,,,,,,,,,,,,,,,,,,,,,,,,,,,,,,,,,,,,,,,,,,,,,,,,,,,,;;;;;;;;;;;;;;;;
unite_with_ukraine_title;Unite with the Ukraine;;;;;;;;;;;;x,,,,,,,,,,,,,,,,,,,,,,,,,,,,,,,,,,,,,,,,,,,,,,,,,,,,,,,,,,,,,,,,,,,,,,,,,,,,,,,,;;;;;;;;;;;;;;;;
unite_with_ukraine_desc;For the common good of our people, we must set aside our sovereignty and join the greater Ukrainian nation.;;;;;;;;;;;;x,,,,,,,,,,,,,,,,,,,,,,,,,,,,,,,,,,,,,,,,,,,,,,,,,,,,,,,,,,,,,,,,,,,,,,,,,,,,,,,;;;;;;;;;;;;;;;;
unite_with_yugoslavia_title;Unite with Yugoslavia;;;;;;;;;;;;;x,,,,,,,,,,,,,,,,,,,,,,,,,,,,,,,,,,,,,,,,,,,,,,,,,,,,,,,,,,,,,,,,,,,,,,,,,,,,,,,,;;;;;;;;;;;;;;;
unite_with_yugoslavia_desc;A greater Slavic union is our only hope for security and prosperity. Our leaders urge us to consider a union with Yugoslavia, with whom we hold far more things in common than we do differences.;;;;;;;;;;;;;x,,,,,,,,,,,,,,,,,,,,,,,,,,,,,,,,,,,,,,,,,,,,,,,,,,,,,,,,,,,,,,,,,,,,,,,,,,,,,,,;;;;;;;;;;;;;;;
usa_draft;Emergency Draft;;;;;;;;;;;;x,,,,,,,,,,,,,,,,,,,,,,,,,,,,,,,,,,,,,,,,,,,,,,,,,,,,,,,,,,,,,,,,,,,,,,,,,,,,,,,,;;;;;;;;;;;;;;;;
usa_southkorea_decision_title;The Korean Anti-Communist Civil Government;;;;;;x,,,,,,,,,,,,,,,,,,,,,,,,,,,,,,,,,,,,,,,,,,,,,,,,,,,,,,,,,,,,,,,,,,,,,,,,,,,,,,,,
usa_southkorea_decision_desc;In order to check the spread of communism in the Korean peninsula it may be necessary to transform our military government there into a pro-capitalist nation. This 'South Korea', would serve as the antithesis of the Soviet communist North.;;;;;;x,,,,,,,,,,,,,,,,,,,,,,,,,,,,,,,,,,,,,,,,,,,,,,,,,,,,,,,,,,,,,,,,,,,,,,,,,,,,,,,
usurp_kalmar_title;Take Leadership in the Kalmar Union;;;;;;;;;;;;;x,,,,,,,,,,,,,,,,,,,,,,,,,,,,,,,,,,,,,,,,,,,,,,,,,,,,,,,,,,,,,,,,,,,,,,,,,,,,,,,,;;;;;;;;;;;;;;;
usurp_kalmar_desc;While the Kalmar Union was not reborn in our nation, it seems that a united Scandinavia will never come to pass unless a stronger country stands up and takes over the leadership role.;;;;;;;;;;;;;x,,,,,,,,,,,,,,,,,,,,,,,,,,,,,,,,,,,,,,,,,,,,,,,,,,,,,,,,,,,,,,,,,,,,,,,,,,,,,,,;;;;;;;;;;;;;;;
valparaiso_harbor_title;The Jewel of the Pacific;;;;;;;;;;;;x,,,,,,,,,,,,,,,,,,,,,,,,,,,,,,,,,,,,,,,,,,,,,,,,,,,,,,,,,,,,,,,,,,,,,,,,,,,,,,,,;;;;;;;;;;;;;;;;
valparaiso_harbor_desc;Valparaiso has became a required stopover for ships crossing between the Atlantic and Pacific oceans. In its role as a major seaport, Valparaiso receives immigrants from many European countries, but this could change if a new route was to open.;;;;;;;;;;;;x,,,,,,,,,,,,,,,,,,,,,,,,,,,,,,,,,,,,,,,,,,,,,,,,,,,,,,,,,,,,,,,,,,,,,,,,,,,,,,;;;;;;;;;;;;;;;;
vasileios_voulgaroktonos_title;The Slavs of the Balkans bow to our Emperor!;;;;;;x;;,,,,,,,,,,,,,,,,,,,,,,,,,,,,,,,,,,,,,,,,,,,,,,,,,,,,,,,,,,,,,,,,,,,,,,,,,,,,,,,,
vasileios_voulgaroktonos_desc;The glorious Emperor Manouil Komnhnos that took back Kwnstantinoupolis from the Ottomans is dead. Unfortunately he didn’t see his dream materialised. Vasileios from the house of Makedwns is now Emperor. And he has decided to follow the steps of his predecesor. He decides to move the capital to Kwnstantinoupolis and bring the city to its former glory. A palace will be built upon the place where the old sacred palace of the ancient Byzantine Emperors lied. Aquedacts, Ipodromos, and other great projects will be undertaken. His goal is to show the splendor of the Byzantine empire and make everybody have no dought that the Byzantine ownership of Kwnstantinoupolis is not temporary. But he also has something else in his mind. For centuries the Slav people of the Balkans are oppresed by the Ottomans. Vasileios, as his anchestor with the same name in 11th century, feels that he has to help the Orthodox Slavs to realize their Orthodox identity. Vasileios sent missionaries, organized  cultural events and had an intense diplomatic activity, including briberies and mariages. The result is that the Slavs have reconfirmed their Orthodox identity and realized that they are more Byzantines than subjects to the Sultan. Today is a glorious day for the Byzantine Empire!  The Slavs decided to accept Vasileio as their saviour and the byzantine banner as their flag !! ;;;;;;x;;,,,,,,,,,,,,,,,,,,,,,,,,,,,,,,,,,,,,,,,,,,,,,,,,,,,,,,,,,,,,,,,,,,,,,,,,,,
vassal_rebellion_title;Demand Independence;;;;;;;;;;;;x,,,,,,,,,,,,,,,,,,,,,,,,,,,,,,,,,,,,,,,,,,,,,,,,,,,,,,,,,,,,,,,,,,,,,,,,,,,,,,,,;;;;;;;;;;;;;;;;
vassal_rebellion_desc;We have attempted diplomatic efforts to achieve our freedom, and been refused. Now our only hope is to demand our independence on threat of all-out war.;;;;;;;;;;;;x,,,,,,,,,,,,,,,,,,,,,,,,,,,,,,,,,,,,,,,,,,,,,,,,,,,,,,,,,,,,,,,,,,,,,,,,,,,,,,,;;;;;;;;;;;;;;;;
Veracruzback_Event;We must give Veracruz back.;États-Unis;USA;;EE UU;;;;;;;;;x,,,,,,,,,,,,,,,,,,,,,,,,,,,,,,,,,,,,,,,,,,,,,,,,,,,,,,,,,,,,,,,,,,,,,,,,,,,,,,,,
Veracruzback_DESC;Well, we dont want to be disliked by the world, and it really was a mistake to take it, so here you go, Mexico, we will be watching your civil war closely, and dont get too close with Germany.;États-Unis;USA;;EE UU;;;;;;;;;x,,,,,,,,,,,,,,,,,,,,,,,,,,,,,,,,,,,,,,,,,,,,,,,,,,,,,,,,,,,,,,,,,,,,,,,,,,
Veracruzback_1;Well, if we have to.;États-Unis;USA;;EE UU;;;;;;;;;x,,,,,,,,,,,,,,,,,,,,,,,,,,,,,,,,,,,,,,,,,,,,,,,,,,,,,,,,,,,,,,,,,,,,,,,,,,,,,,,
Veracruzreturned_Event;Veracruz back!;États-Unis;USA;;EE UU;;;;;;;;;x,,,,,,,,,,,,,,,,,,,,,,,,,,,,,,,,,,,,,,,,,,,,,,,,,,,,,,,,,,,,,,,,,,,,,,,,,,,,,,,,
Veracruzreturned_DESC;The United States, after much negotiation and mediation by Argentina, Brazil, and Chile, have decided to return Veracruz to us.;États-Unis;USA;;EE UU;;;;;;;;;x,,,,,,,,,,,,,,,,,,,,,,,,,,,,,,,,,,,,,,,,,,,,,,,,,,,,,,,,,,,,,,,,,,,,,,,,,,,,
Veracruzreturned_1;Rejoice!;États-Unis;USA;;EE UU;;;;;;;;;x,,,,,,,,,,,,,,,,,,,,,,,,,,,,,,,,,,,,,,,,,,,,,,,,,,,,,,,,,,,,,,,,,,,,,,,,,,,,,,,,
violate_neutrality_title;Violate Swiss Neutrality;;;;;;;;;;;;;x,,,,,,,,,,,,,,,,,,,,,,,,,,,,,,,,,,,,,,,,,,,,,,,,,,,,,,,,,,,,,,,,,,,,,,,,,,,,,,,,;;;;;;;;;;;;;;;
violate_neutrality_desc;The Swiss may have declared themselves 'neutral', but if they believe that will stop us-- if they believe the opinion of any of their allies will stop us-- then they are sorely mistaken.;;;;;;;;;;;;;x,,,,,,,,,,,,,,,,,,,,,,,,,,,,,,,,,,,,,,,,,,,,,,,,,,,,,,,,,,,,,,,,,,,,,,,,,,,,,,,;;;;;;;;;;;;;;;
violate_versailles_title;Violate the Treaty of Versailles;;;;;;;;;;;;x,,,,,,,,,,,,,,,,,,,,,,,,,,,,,,,,,,,,,,,,,,,,,,,,,,,,,,,,,,,,,,,,,,,,,,,,,,,,,,,,;;;;;;;;;;;;;;;;
violate_versailles_desc;The Treaty of Versailles is a embarrassment to the German people. We are destined to become a great nation again,so we can not be bound to this treaty.;;;;;;;;;;;;x,,,,,,,,,,,,,,,,,,,,,,,,,,,,,,,,,,,,,,,,,,,,,,,,,,,,,,,,,,,,,,,,,,,,,,,,,,,,,,,;;;;;;;;;;;;;;;;
violent_elections;Violent Elections;;;;;;;;;;;;;x,,,,,,,,,,,,,,,,,,,,,,,,,,,,,,,,,,,,,,,,,,,,,,,,,,,,,,,,,,,,,,,,,,,,,,,,,,,,,,,,;;;;;;;;;;;;;;;
desc_violent_elections;The current elections turned out have a quite violent undertone in the ongoing campaigns.;;;;;;;;;;;;;x,,,,,,,,,,,,,,,,,,,,,,,,,,,,,,,,,,,,,,,,,,,,,,,,,,,,,,,,,,,,,,,,,,,,,,,,,,,,,,,,;;;;;;;;;;;;;;;
virginia_company_title;Grant Charter to the Virginia Company;;;;;;x;;,,,,,,,,,,,,,,,,,,,,,,,,,,,,,,,,,,,,,,,,,,,,,,,,,,,,,,,,,,,,,,,,,,,,,,,,,,,,,,,,
virginia_company_desc;Many illustrious Englishmen are favourable to the idea of building colonies in the Americas in order to gain wealth. By granting charters to the Virginia companies of London and Plymouth we would permit them to build settlements in our name in these strange new lands.;;;;;;x;;,,,,,,,,,,,,,,,,,,,,,,,,,,,,,,,,,,,,,,,,,,,,,,,,,,,,,,,,,,,,,,,,,,,,,,,,,,,,,,,,
vive_le_quebec_title;Vive le Quebec Libre!;;;;;;;;;;;;x,,,,,,,,,,,,,,,,,,,,,,,,,,,,,,,,,,,,,,,,,,,,,,,,,,,,,,,,,,,,,,,,,,,,,,,,,,,,,,,,;;;;;;;;;;;;;;;;
vive_le_quebec_desc;Quebec is free! Finally the Quebecois has the right to govern themselves, and seek out their destiny as an emerging power not only in North America but in the world!;;;;;;;;;;;;x,,,,,,,,,,,,,,,,,,,,,,,,,,,,,,,,,,,,,,,,,,,,,,,,,,,,,,,,,,,,,,,,,,,,,,,,,,,,,,,;;;;;;;;;;;;;;;;
von_moltkes_staff_reforms_title;von Moltke's Reforms;Les réformes de von Moltke;von Moltkes Reformen;;Las reformas de von Moltke;;;;;;;;;x,,,,,,,,,,,,,,,,,,,,,,,,,,,,,,,,,,,,,,,,,,,,,,,,,,,,,,,,,,,,,,,,,,,,,,,,,,,,,,,,
von_moltkes_staff_reforms_desc;In 1857 Helmuth von Moltke was appointed Chief of the Prussian General Staff, which he soon set about reforming. Among the ideas implemented by von Moltke were a department for historical studies, extensive wargaming exercises and a special department dedicated to cataloging and studying the telegraph and railway networks of Prussia, and how they could be used to best effect in the event of war. The end result was that, by the time of the Franco-Prussian war, Prussia's General Staff was considered the most efficient in Europe, it's methods soon becoming widely studied and adopted abroad. Moltke remained Chief of the Prussian Staff for the next 30 years, and is known as one of the most brilliant military strategists of the 19th century.;En 1857, Helmut von Moltke fut nommé Chef de l’état-major de la Prusse, qu’il entreprit bientôt de réformer. Parmi les idées mises en œuvre par von Moltke, un service d’études historiques, une utilisation intensive du wargame ou kreigspiel et un service spécial dédié à la cartographie complète des réseaux de télégraphe et de chemin de fer de Prusse et leur utilisation en cas de guerre. Le résultat fut que lors de la guerre de 1870, l’état-major prussien étai de loin le plus efficace d’Europe et ses méthodes commencèrent à être étudiées et copiées à l’étranger. Moltke resta Chef d’état-major de la Prusse pendant 30 ans et demeure l’un des plus brillants stratèges militaires du XIXe siècle.;Im Jahr 1857 wurde Helmuth von Moltke zum Chef des preußischen Generalstabs ernannt, den er schon kurz darauf reformierte. Zu seinen Ideen gehörte auch eine Abteilung für historische Studien, extensive Truppenmanöver und eine Spezialabteilung zum Katalogisieren und Studium der Telegraphen- und Eisenbahnnetzwerke Preußens, und wie sie im Kriegsfall am effizientesten genutzt werden könnten. Aufgrund dieser Anstrengungen galt der preußische Generalstab zur Zeit des französisch-preußischen Krieges als der effizienteste in ganz Europa, dessen Methoden man im Ausland schon bald eingehend studierte und nachahmte. Von Moltke übte sein Amt die nächsten 30 Jahre aus und gilt als einer der brillantesten Militärstrategen des 19. Jahrhunderts.;;En 1857 Helmuth von Moltke fue nombrado jefe del estado mayor del ejército prusiano, que procedió a reformar al poco tiempo. Entre las ideas implantadas por von Moltke estuvieron un departamento de estudios históricos, el uso de juegos de guerra como herramienta de análisis y un departamento especial dedicado a catalogar y estudiar las redes telegráficas y ferroviarias de Prusia y el mejor modo de utilizarlas en el caso de guerra. El resultado final de todo esto fue que, a finales de la Guerra Franco-Prusiana, el cuartel general del ejército prusiano se consideraba el más eficiente de Europa, con métodos que no tardarían en ser estudiados y adaptados por muchos otros países. A Moltke, que permaneció los siguientes 30 años en el puesto, se le considera uno de los estrategas militares más brillantes del siglo XIX.;;;;;;;;;x,,,,,,,,,,,,,,,,,,,,,,,,,,,,,,,,,,,,,,,,,,,,,,,,,,,,,,,,,
walked_on_moon;Walked on the Moon;;;;;;x,,,,,,,,,,,,,,,,,,,,,,,,,,,,,,,,,,,,,,,,,,,,,,,,,,,,,,,,,,,,,,,,,,,,,,,,,,,,,,,,
wants_to_unify;Wants to Unify;;;;;;;;;;;;x,,,,,,,,,,,,,,,,,,,,,,,,,,,,,,,,,,,,,,,,,,,,,,,,,,,,,,,,,,,,,,,,,,,,,,,,,,,,,,,,;;;;;;;;;;;;;;;;
war;War;Guerre;Krieg;Nacjonalizm;Guerra;Nazionalismo;Nacionalizmus;Nacionalismus;;;;;;x;;;;,,,,,,,,,,,,,,,,,,,,,,,,,,,,,,,,,,,,,,,,,,,,,,,,,,,,,,,,,,,,,,,,,,,,,,,,,,,,,,,,
War Capacity;War Capacity;Capacité militaire;Kriegskapazität;;Capacidad bélica;;;;;;;;;x;;;;,,,,,,,,,,,,,,,,,,,,,,,,,,,,,,,,,,,,,,,,,,,,,,,,,,,,,,,,,,,,,,,,,,,,,,,,,,,,,,,,
War Exhaustion;War Exhaustion;Épuisement de guerre;Kriegsmüdigkeit;;Agotamiento bélico;;;;;;;;;x;;;;,,,,,,,,,,,,,,,,,,,,,,,,,,,,,,,,,,,,,,,,,,,,,,,,,,,,,,,,,,,,,,,,,,,,,,,,,,,,,,,,
war_exhaustion;War Exhaustion;Épuisement de guerre;Kriegsmüdigkeit;Si³a ludzka;War Exhaustion;Manodopera;Munkaerõ;Poèetní stav obyvatelstva;;;;;;x;;;;,,,,,,,,,,,,,,,,,,,,,,,,,,,,,,,,,,,,,,,,,,,,,,,,,,,,,,,,,,,,,,,,,,,,,,,,,,,,,,,,
war_of_the_fours_coalition_title;War of the Fourth Coalition;;;;;;;;;;;;;x,,,,,,,,,,,,,,,,,,,,,,,,,,,,,,,,,,,,,,,,,,,,,,,,,,,,,,,,,,,,,,,,,,,,,,,,,,,,,,,,
war_of_the_fours_coalition_desc;The Fourth Coalition against Napoleon's French Empire was defeated in a war spanning 1806–1807. Coalition partners included Prussia, Russia, Saxony, Sweden, and Great Britain.Many members of the coalition had previously been fighting France as part of the Third Coalition, and there was no intervening period of general peace. In 1806, Prussia joined a renewed coalition, fearing the rise in French power after the defeat of Austria and establishment of the French-sponsored Confederation of the Rhine. Prussia and Russia mobilized for a fresh campaign, and Prussian troops massed in Saxony.;;;;;;;;;;;;;x,,,,,,,,,,,,,,,,,,,,,,,,,,,,,,,,,,,,,,,,,,,,,,,,,,,,,,,,,,,,,,,,,,,,,,,,
war_of_the_third_coalition_title;War of the Third Coalition;;;;;;;;;;;;;x,,,,,,,,,,,,,,,,,,,,,,,,,,,,,,,,,,,,,,,,,,,,,,,,,,,,,,,,,,,,,,,,,,,,,,,,,,,,,,,,
war_of_the_third_coalition_desc;The War of the Third Coalition was a European conflict spanning the years 1803 to 1806. During the war France and its client states under Napoleon I defeated an alliance of the Holy Roman Empire led by Austria, Russia, and others.;;;;;;;;;;;;;x,,,,,,,,,,,,,,,,,,,,,,,,,,,,,,,,,,,,,,,,,,,,,,,,,,,,,,,,,,,,,,,,,,,,,,,,,,,,,,
war_italian_independence_title;War of Italian Independence;;;;;;;;;;;;x,,,,,,,,,,,,,,,,,,,,,,,,,,,,,,,,,,,,,,,,,,,,,,,,,,,,,,,,,,,,,,,,,,,,,,,,,,,,,,,,;;;;;;;;;;;;;;;;
war_italian_independence_desc;It falls upon our nation to break the power that Austria has over Italy. Lombardia must be freed, at any cost.;;;;;;;;;;;;x,,,,,,,,,,,,,,,,,,,,,,,,,,,,,,,,,,,,,,,,,,,,,,,,,,,,,,,,,,,,,,,,,,,,,,,,,,,,,,,;;;;;;;;;;;;;;;;
warsawpact_title;The Warsaw Pact;;;;;;x,,,,,,,,,,,,,,,,,,,,,,,,,,,,,,,,,,,,,,,,,,,,,,,,,,,,,,,,,,,,,,,,,,,,,,,,,,,,,,,,
warsawpact_desc;The Warsaw Pact was a collective defense treaty among eight communist states of Central and Eastern Europe in existence during the Cold War. The Warsaw Pact was in part a Soviet military reaction to the integration of West Germany into NATO in 1955 per the Paris Pacts of 1954;;;;;;x,,,,,,,,,,,,,,,,,,,,,,,,,,,,,,,,,,,,,,,,,,,,,,,,,,,,,,,,,,,,,,,,,,,,,,,,,,,,,,,,
war_torn;War Torn;;;;;;;;;;;;x,,,,,,,,,,,,,,,,,,,,,,,,,,,,,,,,,,,,,,,,,,,,,,,,,,,,,,,,,,,,,,,,,,,,,,,,,,,,,,,,;;;;;;;;;;;;;;;;
we_are_italian_title;We are Italian!;;;;;;;;;;;;x,,,,,,,,,,,,,,,,,,,,,,,,,,,,,,,,,,,,,,,,,,,,,,,,,,,,,,,,,,,,,,,,,,,,,,,,,,,,,,,,;;;;;;;;;;;;;;;;
we_are_italian_desc;Now that we are free, it is time to reassert our Italian heritage. We must rejoin the motherland!;;;;;;;;;;;;x,,,,,,,,,,,,,,,,,,,,,,,,,,,,,,,,,,,,,,,,,,,,,,,,,,,,,,,,,,,,,,,,,,,,,,,,,,,,,,,;;;;;;;;;;;;;;;;
webster_ashburton_treaty_title;Webster-Ashburton Treaty;Traité de Webster-Ashburton;Webster-Ashburton-Vertrag;;Tratado de Webster-Ashburton;;;;;;;;;x,,,,,,,,,,,,,,,,,,,,,,,,,,,,,,,,,,,,,,,,,,,,,,,,,,,,,,,,,,,,,,,,,,,,,,,,,,,,,,,,
webster_ashburton_treaty_desc;Following the events of the (undeclared) Aroostook War, The Webster-Ashburton Treaty of 1842, between the United Kingdom and The United States of America, delimited with finality the borders between Maine and New Brunswick, regulated the shared use of the Great Lakes, reaffirmed the 49th parallel border and called for a mutual commitment toward ending the Atlantic slave trade.;Suivant les événements de guerre (non déclarée) d’Aroostook, le traité Webster-Ashburton de 1842, signé entre le Royaume-Uni et les États-Unis, délimite avec précision la frontière entre le Maine et le Nouveau Brunswick, régit l'utilisation commune des grands lacs, réaffirme la frontière constituée par le 49e parallèle et lance un appel mutuel pour mettre fin au trafic d’esclave en Atlantique.;Der Webster-Ashburton-Vertrag von 1842 folgte auf die Ereignisse des (illegalen) Aroostook-Krieges zwischen dem Vereinigten Königreich und den Vereinigten Staaten. Im Vertrag wurden die Grenzen zwischen Maine und New Brunswick endgültig festgelegt, die gemeinsame Nutzung der Great Lakes reglementiert, der Nordwestwinkel erneut bestätigt und ein gegenseitiger Einsatz zur Beendigung des atlantischen Sklavenhandels beschlossen.;;Tras los sucesos de la (no declarada) Guerra de Aroostook, el tratado Webster-Ashburton de 1842, suscrito por el Reino Unido y los Estados Unidos de América delimitó de manera definitiva la frontera entre Maine y Nuevo Brunswick, reguló el uso compartido de los Grandes Lagos, confirmó la frontera del paralelo 49 y expresó el deseo mutuo de alcanzar un compromiso con el fin de terminar con el comercio de esclavos en el Atlántico.;;;;;;;;;x,,,,,,,,,,,,,,,,,,,,,,,,,,,,,,,,,,,,,,,,,,,,,,,,,,,,,,,,,,,,,,,,
western_empire_title;The Western Empire Issue;;;;;;x;;,,,,,,,,,,,,,,,,,,,,,,,,,,,,,,,,,,,,,,,,,,,,,,,,,,,,,,,,,,,,,,,,,,,,,,,,,,,,,,,,
western_empire_desc;Many years have passed and the Byzantine Empire is now the greatest empire on Earth. At least in terms of prestige and culture. Byzantine Empire owns all the eastern mediteranean territories. Our people now share the dream of our new Emperor Ioustinianos. If there should be a nation to reclaim the glory and territories of the old Roman Empire, it is our nation. The people of the Italian and Iberian peninula, as wel as the muslims of the north africa would be delighted to belong in the greatest empire on earth. As of today they accept Ioustinianos as their saviour and the byzantine banner as their flag. The people of Rome secede their land to our Emperor in order for the new capital to be rebuilt !! Great projects are undertaken, like the new palace and Ippodromos. Colloseum is rebuilt !! That much splendor was not to be seen even in the old Rome !!;;;;;;x;;,,,,,,,,,,,,,,,,,,,,,,,,,,,,,,,,,,,,,,,,,,,,,,,,,,,,,,,,,,,,,,,,,,,,,,,,,,,,,
western_influences;Western Influences;Influences occidentales;Westlicher Einfluss;;Influencias occidentales;;;;;;;;;x;;;;,,,,,,,,,,,,,,,,,,,,,,,,,,,,,,,,,,,,,,,,,,,,,,,,,,,,,,,,,,,,,,,,,,,,,,,,,,,,,,,,
desc_western_influences;Our government pursues a policy of active encouragement of Western Influences.;Notre gouvernement mène une politique visant à encourager les influences occidentales.;Unsere Regierung verfolgt eine Politik, die westliche Einflüsse aktiv fördert.;;Nuestro gobierno persigue una política activa de promoción de las influencias occidentales.;;;;;;;;;x;;;;,,,,,,,,,,,,,,,,,,,,,,,,,,,,,,,,,,,,,,,,,,,,,,,,,,,,,,,,,,,,,,,,,,,,,,,,,,,,,,,
westernize_nation_title;Embrace Westernization;Occidentalisation;Verwestlichung akzeptieren;;Adoptar la occidentalización;;;;;;;;;x,,,,,,,,,,,,,,,,,,,,,,,,,,,,,,,,,,,,,,,,,,,,,,,,,,,,,,,,,,,,,,,,,,,,,,,,,,,,,,,,
westernize_nation_desc;Our country is under intellectual assault by modernity and the Western World. In the fields of modern technology, industry and military theory, the old traditions and institutions no longer serve us as they used to. Everywhere we turn, western influences spread like wildfire through our nation, our population, and our souls. If we are to remain what we always have been, and not become something else entirely, now is the time to assume control of our own destiny. It has become apparent to the leading members of our intellectual elite, that the only way to turn the tide on the Western Leviathan is to swim with it, for, as Sun Tzu says: The reed that bends before the wind, also offers a form of resistance.;Notre pays est la cible d'une attaque intellectuelle lancée par la modernité et le monde occidental. Dans les domaines de la technologie, de l'industrie et la théorie militaire moderne, les vieilles traditions et institutions ne nous sont plus aussi utiles qu'avant. Partout autour de nous, les influences occidentales se propagent, tel un incendie incontrôlable, dans notre nation, notre population et nos esprits. Pour conserver notre identité et éviter tout changement radical, il nous faut prendre en main notre destin. Il apparaît évident pour les responsables de notre élite intellectuelle que la seule manière d'inverser la tendance face au mastodonte occidental consiste à lui emboîter le pas car, comme le dit," Sun Tzu : ""le roseau qui plie face au vent ne cède pas"".;Unser Land steht unter einem intellektuellen Angriff der Modernität und der westlichen Welt. In den Feldern Moderne Technologie", Industrie- und Militärtheorie leisten und die alten Traditionen und Institutionen nicht mehr so gute Dienste wie früher. Wo auch immer man hinsieht verbreiten sich westliche Einflüsse in unserer Nation, unter unserer Bevölkerung und in unseren Seelen wie ein Lauffeuer. Wenn wir so bleiben möchten wir bisher und unser Wesen nicht vollständig verändern wollen, ist jetzt die Zeit gekommen, um unser Schicksal in die eigenen Hände zu nehmen. Führende Mitglieder unserer intellektuellen Elite haben erkannt, dass der einzige Weg, das westliche Meerungeheuer aufzuhalten, eine Weile mit ihm zu schwimmen. Wie schon Sun sagte: Das Schilfrohr, dass sich im Wind biegt, liefert auch eine Art von Widerstand.;;Nuestro país se encuentra bajo el asalto de la modernidad y el mundo occidental. En los campos de la tecnología moderna y la teoría militar, las viejas tradiciones ya no nos son tan útiles como solían. Allá donde miramos, las influencias occidentales corren como la pólvora a lo largo de nuestra nación, nuestro pueblo y nuestras almas. Si vamos a seguir siendo lo que siempre hemos sido y no vamos a convertirnos en otra cosa, este es el momento de tomar las riendas de nuestro propio destino. A los miembros notables de nuestra élite intelectual les resulta evidente que la única forma de capear al leviatán occidental consiste en nadar con él ya que, como dice Sun Tzu, el junco más resistente es aquel que se dobla al viento.;;;;;;;;;x,,,,,,,,,,,,,,,,,,,,,,,,,,,,,,,,,,,,,,,,,,,,,
western_presence;Western Presence;Présence occidentale;Westliche Präsenz;;Presencia occidental;;;;;;;;;x;;;;,,,,,,,,,,,,,,,,,,,,,,,,,,,,,,,,,,,,,,,,,,,,,,,,,,,,,,,,,,,,,,,,,,,,,,,,,,,,,,,,
desc_western_presence;An expatriate community of foreigners, from various European countries and Great Powers, has formed here.;Une communauté d'expatriés issus de différents pays européens et de Grandes Puissances s'est formée ici.;Eine Ausländergemeinde aus verschiedenen europäischen Ländern und Großmächten hat sich hier gebildet.;;Se ha formado una comunidad de extranjeros expatriados de diversos países europeos y grandes potencias.;;;;;;;;;x;;;;,,,,,,,,,,,,,,,,,,,,,,,,,,,,,,,,,,,,,,,,,,,,,,,,,,,,,,,,,,,,,,,,,,,,,,,,,,,,,,
whistlestop_tour_title;Whistle Stop Tour;;;;;;;;;;;;x,,,,,,,,,,,,,,,,,,,,,,,,,,,,,,,,,,,,,,,,,,,,,,,,,,,,,,,,,,,,,,,,,,,,,,,,,,,,,,,,;;;;;;;;;;;;;;;;
whistlestop_tour_desc;With the advent of railways in our nation, the idea has been suggested that our monarch tour the nation, traveling from city to city by train. Some urge caution, however, for such public appearances could provide assassins with the opportunity to strike in provinces that are simmering with rebellion.;;;;;;;;;;;;x,,,,,,,,,,,,,,,,,,,,,,,,,,,,,,,,,,,,,,,,,,,,,,,,,,,,,,,,,,,,,,,,,,,,,,,,,,,,;;;;;;;;;;;;;;;;
Will_Of_The_People_title;The Will of the People;;;;;;;;;;;;x,,,,,,,,,,,,,,,,,,,,,,,,,,,,,,,,,,,,,,,,,,,,,,,,,,,,,,,,,,,,,,,,,,,,,,,,,,,,,,,,;;;;;;;;;;;;;;;;
Will_Of_The_People_desc;Through the social contract,or the 'Will of the People', may the Workers of the World Unite in Proletariat Revolution!;;;;;;;;;;;;x,,,,,,,,,,,,,,,,,,,,,,,,,,,,,,,,,,,,,,,,,,,,,,,,,,,,,,,,,,,,,,,,,,,,,,,,,,,,,,;;;;;;;;;;;;;;;;
wilmot_proviso_title;The Wilmot Proviso;La clause restrictive Wilmot;Das Wilmot Proviso;;La Cláusula Wilmot;;;;;;;;;x;;;;,,,,,,,,,,,,,,,,,,,,,,,,,,,,,,,,,,,,,,,,,,,,,,,,,,,,,,,,,,,,,,,,,,,,,,,,,,,,,,,,
wilmot_proviso_desc;Congressman David Wilmot has suggested a bill that will ban slavery in any state acquired from the Mexican Cession. Supporting the proviso will greatly calm northern fears over Slave Power, but also increase Southern fears of abolitionism.;Le membre du congrès David Wilmot a présenté un projet de loi qui interdirait l'esclavage dans tous les Etats issus de la cession mexicaine. Soutenir ce projet apaisera grandement les craintes des Etats du nord qui sont contre l'esclavage, mais augmentera celles des Etats du sud, qui eux sont pour l'esclavage.;Kongressmitglied David Wilmot hat ein Gesetz vorgeschlagen, das die Sklaverei in allen Staaten verbietet, die aus der Mexican Cession entstanden. Die Unterstützung dieses Gesetzes wird die Furcht des Nordens vor den Sklavenstaaten stark lindern, aber auch die Ängste des Südens vor Abolitionismus schüren.;;El congresista David Wilmot ha presentado una propuesta de ley para prohibir la esclavitud en cualquier estado adquirido como consecuencia de la Cesión mexicana. Un apoyo a la propuesta aplacará los temores del norte sobre el tema de la esclavitud, pero atizará el miedo al abolicionismo en el sur.;;;;;;;;;x;;;;,,,,,,,,,,,,,,,,,,,,,,,,,,,,,,,,,,,,,,,,,,,,,,,,,,,,,,,,,,,,,,,,,,,,,,,,,
witwatersrand_gold_rush;Witwatersrand Gold Rush;La ruée vers l’or de Witwatersrand;Witwatersrand-Goldrausch;;Fiebre del oro en las Witwatersrand;;;;;;;;;x,,,,,,,,,,,,,,,,,,,,,,,,,,,,,,,,,,,,,,,,,,,,,,,,,,,,,,,,,,,,,,,,,,,,,,,,,,,,,,,,
desc_witwatersrand_gold_rush;A Gold Rush in the Witwatersrand is making us known internationally.;Une ruée vers l’or dans le Witwatersrand nous fait connaître internationalement.;Ein Goldrausch im Witwatersrand macht uns international bekannt.;;La fiebre del oro en las Witwatersrand nos está haciendo famosos en todo el mundo.;;;;;;;;;x,,,,,,,,,,,,,,,,,,,,,,,,,,,,,,,,,,,,,,,,,,,,,,,,,,,,,,,,,,,,,,,,,,,,,,,,,,,,,,,,
womens_suffrage_movement;Womens Sufferage Movement;Mouvement des suffragettes;Frauenrechtsorganisation;;Movimiento sufragista femenino;;;;;;;;;x;,,,,,,,,,,,,,,,,,,,,,,,,,,,,,,,,,,,,,,,,,,,,,,,,,,,,,,,,,,,,,,,,,,,,,,,,,,,,,,,,
worker_union;Worker's Union;Syndicat de salariés;Arbeitergewerkschaft;;Sindicato de trabajadores;;;;;;;;;x;;;;,,,,,,,,,,,,,,,,,,,,,,,,,,,,,,,,,,,,,,,,,,,,,,,,,,,,,,,,,,,,,,,,,,,,,,,,,,,,,,,,
workshop_of_the_world;Workshop of the World;;;;;;;;;;;;x,,,,,,,,,,,,,,,,,,,,,,,,,,,,,,,,,,,,,,,,,,,,,,,,,,,,,,,,,,,,,,,,,,,,,,,,,,,,,,,,;;;;;;;;;;;;;;;;
workshop_of_the_world_desc;Our nation lies at the heart of the Industrial Revolution. Nowhere else is the growth of industry more prevalent and had more impact.;;;;;;;;;;;;x,,,,,,,,,,,,,,,,,,,,,,,,,,,,,,,,,,,,,,,,,,,,,,,,,,,,,,,,,,,,,,,,,,,,,,,,,,,,,,,,;;;;;;;;;;;;;;;;
wrv_title;Weimar Constitution;;;;;;;;;;;;;x,,,,,,,,,,,,,,,,,,,,,,,,,,,,,,,,,,,,,,,,,,,,,,,,,,,,,,,,,,,,,,,,,,,,,,,,,,,,,,,,
wrv_desc;The German people united in its tribes and inspired with the will to renew and strengthen the Reich in liberty and justice, to serve internal and external tranquility, and to promote social progress, has adopted this Constitution.;;;;;;;;;;;;;x,,,,,,,,,,,,,,,,,,,,,,,,,,,,,,,,,,,,,,,,,,,,,,,,,,,,,,,,,,,,,,,,,,,,,,,,,,,,,
ww2grecoitaly_title;Conquest of Greece;;;;;;x,,,,,,,,,,,,,,,,,,,,,,,,,,,,,,,,,,,,,,,,,,,,,,,,,,,,,,,,,,,,,,,,,,,,,,,,,,,,,,,,
ww2grecoitaly_desc;Like the ancient Romans, it's time for us to assert Italian superiority and become the rulers of Greece!;;;;;;x,,,,,,,,,,,,,,,,,,,,,,,,,,,,,,,,,,,,,,,,,,,,,,,,,,,,,,,,,,,,,,,,,,,,,,,,,,,,,,,
WWONE_NAME;World War One;Disposent d'un score militaire inférieur à:;Erringen Sie eine geringere Militärpunktzahl als:;;Tiene una puntuación militar menor que:;;;;;;;;x;,,,,,,,,,,,,,,,,,,,,,,,,,,,,,,,,,,,,,,,,,,,,,,,,,,,,,,,,,,,,,,,,,,,,,,,,,,,,,,,,
WWONE_DESC;The World is on the brink of war. Europe is set in two alliaces, the Central Powers of Austria-Hungary and Germany, and the Triple Entente of Great Britain, France, and Russia. In the Americas, Mexico is in turmoil. The USA is a power on the rise, with a strong leader in Woodrow Wilson, and a booming economy. In Asia, Japan is another rising power, seeking to impose its rule and increase its colonial holdings across Asia. Russia is the bear of Europe, but has recently been subject to a rebellion brought on by a disasterous war with Japan. They are still a threat to be reckoned with though, as their army is one of the largest, which makes up for its technological and tactical backwardness. Germany is the finest war machine on the planet, but is being dragged down by a fading power, Austria-Hungary. The Balkans, an area full of racial unrest and tension, have almost driven Europe to war in recent years, and may well be the spark that ignites the fire looming on the dawn.;Besoins satisfaits à moins de;Erfüllte Bedürfnisse weniger als;;Necesidades satisfechas a menos de;;;;;;;;x;,,,,,,,,,,,,,,,,,,,,,,,,,,,,,,,,,,,,,,,,,,,,,,,,,,,,,,,,,,,,,,,
You_are_no_parliament!_title; Abolish the Parliament;;;;;;;;;;;;x,,,,,,,,,,,,,,,,,,,,,,,,,,,,,,,,,,,,,,,,,,,,,,,,,,,,,,,,,,,,,,,,,,,,,,,,,,,,,,,,;;;;;;;;;;;;;;;;
You_are_no_parliament!_desc; The military has taken control in the recent election and have abolished the parliament in which they control. As such, the state is fully under the control of the military.;;;;;;;;;;;;x,,,,,,,,,,,,,,,,,,,,,,,,,,,,,,,,,,,,,,,,,,,,,,,,,,,,,,,,,,,,,,,,,,,,,,,,,,,,,,,;;;;;;;;;;;;;;;;
zanzibar_sale_title;Sell Zanzibar;;;;;;;;;;;;;;x;,,,,,,,,,,,,,,,,,,,,,,,,,,,,,,,,,,,,,,,,,,,,,,,,,,,,,,,,,,,,,,,,,,,,,,,,,,,,,,,,;;;;;;;;;;;;;
zanzibar_sale_desc;The Zanzibar coast is almost worthless to us, but might be of value to the neighbouring colonial administration in Tanganyika. We should consider selling it for a tidy profit.;;;;;;;;;;;;;;x;,,,,,,,,,,,,,,,,,,,,,,,,,,,,,,,,,,,,,,,,,,,,,,,,,,,,,,,,,,,,,,,,,,,,,,,,,,,,,,,;;;;;;;;;;;;;
Zimmermannaccepted_Event;Mexico has accepted our proposal!;États-Unis;USA;;EE UU;;;;;;;;;x,,,,,,,,,,,,,,,,,,,,,,,,,,,,,,,,,,,,,,,,,,,,,,,,,,,,,,,,,,,,,,,,,,,,,,,,,,,,,,,,
Zimmermannaccepted_DESC;Mexico has accepted our proposal concerning war against the United States, and will now declare war on the United States, calling us in. We shall provide them with supplies and monetary aid to help them in their fight.;États-Unis;USA;;EE UU;;;;;;;;;x,,,,,,,,,,,,,,,,,,,,,,,,,,,,,,,,,,,,,,,,,,,,,,,,,,,,,,,,,,,,,,,,,,,,,,,,,,,,,,
Zimmermannaccepted_1;This is great news!;États-Unis;USA;;EE UU;;;;;;;;;x,,,,,,,,,,,,,,,,,,,,,,,,,,,,,,,,,,,,,,,,,,,,,,,,,,,,,,,,,,,,,,,,,,,,,,,,,,,,,,,,
zimmermanndeclined_Event;Mexico declined our offer.;États-Unis;USA;;EE UU;;;;;;;;;x,,,,,,,,,,,,,,,,,,,,,,,,,,,,,,,,,,,,,,,,,,,,,,,,,,,,,,,,,,,,,,,,,,,,,,,,,,,,,,,,
Zimmermanndeclined_DESC;Mexico has declined our offer to attack the United States. We shall have to fight on our own them.;États-Unis;USA;;EE UU;;;;;;;;;x,,,,,,,,,,,,,,,,,,,,,,,,,,,,,,,,,,,,,,,,,,,,,,,,,,,,,,,,,,,,,,,,,,,,,,,,,,,,,,,,
Zimmermanndeclined_1;Thats not good news;États-Unis;USA;;EE UU;;;;;;;;;x,,,,,,,,,,,,,,,,,,,,,,,,,,,,,,,,,,,,,,,,,,,,,,,,,,,,,,,,,,,,,,,,,,,,,,,,,,,,,,,,
Zimmermanndeliberated_Event;Shall we accept Germany's offer?;États-Unis;USA;;EE UU;;;;;;;;;x,,,,,,,,,,,,,,,,,,,,,,,,,,,,,,,,,,,,,,,,,,,,,,,,,,,,,,,,,,,,,,,,,,,,,,,,,,,,,,,,
Zimmermanndeliberated_DESC;Would declaring war on the United States to reclaim territory be a good idea?;États-Unis;USA;;EE UU;;;;;;;;;x,,,,,,,,,,,,,,,,,,,,,,,,,,,,,,,,,,,,,,,,,,,,,,,,,,,,,,,,,,,,,,,,,,,,,,,,,,,,,,,,
Zimmermanndeliberated_1;Yes, we shall reclaim our rightful land.;États-Unis;USA;;EE UU;;;;;;;;;x,,,,,,,,,,,,,,,,,,,,,,,,,,,,,,,,,,,,,,,,,,,,,,,,,,,,,,,,,,,,,,,,,,,,,,,,,,,,,,,
Zimmermanndeliberated_2;No, the US is too powerful.;États-Unis;USA;;EE UU;;;;;;;;;x,,,,,,,,,,,,,,,,,,,,,,,,,,,,,,,,,,,,,,,,,,,,,,,,,,,,,,,,,,,,,,,,,,,,,,,,,,,,,,,
Zimmermanndiscovered_Event;A secret telegram discovered!;États-Unis;USA;;EE UU;;;;;;;;;x,,,,,,,,,,,,,,,,,,,,,,,,,,,,,,,,,,,,,,,,,,,,,,,,,,,,,,,,,,,,,,,,,,,,,,,,,,,,,,,,
Zimmermanndiscovered_DESC;Germany has sent a telegram to the Mexican Government about them joining the war and attacking the United States. If we reveal this to the US, it will enrage them, bringing them closer to joining the war on our side.;États-Unis;USA;;EE UU;;;;;;;;;x,,,,,,,,,,,,,,,,,,,,,,,,,,,,,,,,,,,,,,,,,,,,,,,,,,,,,,,,,,,,,,,,,,,,,,,,,,,,,,
Zimmermanndiscovered_1;More of our troops are dying each day, we need all the help we can get.;États-Unis;USA;;EE UU;;;;;;;;;x,,,,,,,,,,,,,,,,,,,,,,,,,,,,,,,,,,,,,,,,,,,,,,,,,,,,,,,,,,,,,,,,,,,,,,,,,,,,,,,
Zimmermanndiscovered_2;We shant have those rebellious American scoundrels ruining our fun killing the huns, shall we?;États-Unis;USA;;EE UU;;;;;;;;;x,,,,,,,,,,,,,,,,,,,,,,,,,,,,,,,,,,,,,,,,,,,,,,,,,,,,,,,,,,,,,,,,,,,,,,,,,,,,,,,
Zimmermannrecieved_Event;Germany has sent a telegram to us;États-Unis;USA;;EE UU;;;;;;;;;x,,,,,,,,,,,,,,,,,,,,,,,,,,,,,,,,,,,,,,,,,,,,,,,,,,,,,,,,,,,,,,,,,,,,,,,,,,,,,,,,
"Zimmermannrecieved_DESC;FROM 2nd from London # 5747. ""We intend to begin unrestricted submarine warfare. We shall endeavor in spite of this to keep the United States of America neutral. In the event of this not succeeding", we make Mexico a proposal of alliance on the following basis: make war together, make peace together, generous financial support and an understanding on our part that Mexico is to reconquer the lost territory in Texas, New Mexico, and Arizona. The settlement in detail is left to you. You will inform the President of the above most secretly as soon as the outbreak of war with the United States of America is certain and add the suggestion that he should, on his own initiative," invite Japan to immediate adherence and at the same time mediate between Japan and ourselves. Please call the President's attention to the fact that the ruthless employment of our submarines now offers the prospect of compelling England in a few months to make peace."" Signed", ZIMMERMANN;États-Unis;USA;;EE UU;;;;;;;;;x,,,,,,,,,,,,,,,,,,,,,,,,,,,,,,,,,,,,,,,,,,,,,,,,,,,,,,,,,,,,,,,,,,,,,,,,
Zimmermannrecieved_1;Interesting, we shall have to deliberate about this.;États-Unis;USA;;EE UU;;;;;;;;;x,,,,,,,,,,,,,,,,,,,,,,,,,,,,,,,,,,,,,,,,,,,,,,,,,,,,,,,,,,,,,,,,,,,,,,,,,,,,,,,
Zimmermannreleased_Event;The UK has released the Zimmermann telegram.;États-Unis;USA;;EE UU;;;;;;;;;x,,,,,,,,,,,,,,,,,,,,,,,,,,,,,,,,,,,,,,,,,,,,,,,,,,,,,,,,,,,,,,,,,,,,,,,,,,,,,,,,
Zimmermannreleased_DESC;Germany has sent a telegram to Mexico asking them to join the war and declare war on us.;États-Unis;USA;;EE UU;;;;;;;;;x,,,,,,,,,,,,,,,,,,,,,,,,,,,,,,,,,,,,,,,,,,,,,,,,,,,,,,,,,,,,,,,,,,,,,,,,,,,,,,,,
Zimmermannreleased_1;Oh no, thats terrible!;États-Unis;USA;;EE UU;;;;;;;;;x,,,,,,,,,,,,,,,,,,,,,,,,,,,,,,,,,,,,,,,,,,,,,,,,,,,,,,,,,,,,,,,,,,,,,,,,,,,,,,,
zimmermann_telegram_DESC;The Zimmermann Telegram was a telegram from Germany to Mexico. It was a proposal to join the war for Mexico, and the promise that it would get its former land back in the west. The Foreign Secretary of the German Empire, Arthur Zimmermann, sent it to the German ambassador in Washington DC. It was intercepted by British cryptographers. ;États-Unis;USA;;EE UU;;;;;;;;;x,,,,,,,,,,,,,,,,,,,,,,,,,,,,,,,,,,,,,,,,,,,,,,,,,,,,,,,,,,,,,,,,,,,,,,,,,,,,,
Zimmermanntelegram_Event;Shall we send a telegram to Mexico?;États-Unis;USA;;EE UU;;;;;;;;;x,,,,,,,,,,,,,,,,,,,,,,,,,,,,,,,,,,,,,,,,,,,,,,,,,,,,,,,,,,,,,,,,,,,,,,,,,,,,,,,,
Zimmermanntelegram_DESC;Would it be a good idea to send a telegram to Mexico asking them to join the war? This offer is for them to attack the USA, and in return get their historical territory back. We would provide them with arms and monetary aid, neither of which we can truly supply. We shall soon begin unrestricted submarine warfare, incresing the potential for the US to join the war. Also, the telegram has to go through British telegraph cables, since they cut our transatlantic ones.;États-Unis;USA;;EE UU;;;;;;;;;x,,,,,,,,,,,,,,,,,,,,,,,,,,,,,,,,,,,,,,,,,,,,,,,,,,,,,,,,,,,,,,,,,,,,,,,,,,,
Zimmermanntelegram_1;We should send it.;États-Unis;USA;;EE UU;;;;;;;;;x,,,,,,,,,,,,,,,,,,,,,,,,,,,,,,,,,,,,,,,,,,,,,,,,,,,,,,,,,,,,,,,,,,,,,,,,,,,,,,,,
Zimmermanntelegram_2;We dont need their help.;États-Unis;USA;;EE UU;;;;;;;;;x,,,,,,,,,,,,,,,,,,,,,,,,,,,,,,,,,,,,,,,,,,,,,,,,,,,,,,,,,,,,,,,,,,,,,,,,,,,,,,,,
zionism;Zionism;x;;;;;;;;;,,,,,,,,,,,,,,,,,,,,,,,,,,,,,,,,,,,,,,,,,,,,,,,,,,,,,,,,,,,,,,,,,,,,,,,,,,,,,,,,
form_iberia_title;Become Iberia;;;;;;;;;;;;;x,,,,,,,,,,,,,,,,,,,,,,,,,,,,,,,,,,,,,,,,,,,,,,,,,,,,,,,,,,,,,,,,,,,,,,,,,,,,,,,,;;;;;;;;;;;;;;;
form_iberia_desc;We have proven our mettle and united the Iberian peninsula under our rule. Now the time has come for a new Iberian federation to be born, one that unites all of the peninsula's cultures under a single rule.;;;;;;;;;;;;;x,,,,,,,,,,,,,,,,,,,,,,,,,,,,,,,,,,,,,,,,,,,,,,,,,,,,,,,,,,,,,,,,,,,,,,,,,,,,,,,;;;;;;;;;;;;;;;
form_mittleafrika_title;Form Mittleafrika;;;;;;;;;;;;;x,,,,,,,,,,,,,,,,,,,,,,,,,,,,,,,,,,,,,,,,,,,,,,,,,,,,,,,,,,,,,,,,,,,,,,,,,,,,,,,,;;;;;;;;;;;;;;;
form_mittleafrika_desc;Deutsch–Mittelafrika (German Central Africa), or Mittelafrika, is a German colony in Africa. It articulated Germany's foreign policy aim, prior and after World War I, of bringing the region under German domination.;;;;;;;;;;;;;x,,,,,,,,,,,,,,,,,,,,,,,,,,,,,,,,,,,,,,,,,,,,,,,,,,,,,,,,,,,,,,,,,,,,,,,,,,,,,,,;;;;;;;;;;;;;;;
form_iberia2_title;Become Iberia;;;;;;;;;;;;;x,,,,,,,,,,,,,,,,,,,,,,,,,,,,,,,,,,,,,,,,,,,,,,,,,,,,,,,,,,,,,,,,,,,,,,,,,,,,,,,,;;;;;;;;;;;;;;;
form_iberia2_desc;We have proven our mettle and united the Iberian peninsula under our rule. Now the time has come for a new Iberian federation to be born, one that unites all of the peninsula's cultures under a single rule.;;;;;;;;;;;;;x,,,,,,,,,,,,,,,,,,,,,,,,,,,,,,,,,,,,,,,,,,,,,,,,,,,,,,,,,,,,,,,,,,,,,,,,,,,,,,,;;;;;;;;;;;;;;;
reclaim_italian_land_title;Reclaim Italian Land in Austria;;;;;;;x,,,,,
reclaim_italian_land_desc;Our Italian brethren in Italy has since been under the rule of Austria, with current circumstances we can now reclaim and bring them to our realm;;;;;;;;;x,,,,,
